{
  "directional_accuracy": 0.5114072663810884,
  "pnl_cumulative": 105.62167342555803,
  "pnl_sharpe": 0.9054275673853931,
  "pnl_max_dd": 24.917242043370152,
  "pnl_win_rate": 0.5114072663810884,
  "pnl_total_trades": 31515,
  "mae": 0.007808516267687082,
  "rmse": 0.011762356588950567,
  "r2": -0.0017610788345336914
}