{
  "directional_accuracy": 0.5288057993132392,
  "pnl_cumulative": 84.34620123263393,
  "pnl_sharpe": 1.740652537355456,
  "pnl_max_dd": 32.52286343064043,
  "pnl_win_rate": 0.5288057993132392,
  "pnl_total_trades": 7863,
  "mae": 0.012882307171821594,
  "rmse": 0.019664839514099596,
  "r2": -0.010157346725463867
}