{
  "total_return": 170904.77321743994,
  "total_return_pct": 17090477.321743995,
  "cagr": 0.0,
  "cagr_pct": 0.0,
  "max_drawdown": -3.247566818673825,
  "max_drawdown_pct": -324.7566818673825,
  "sharpe_ratio": -0.9364402547412574,
  "sortino_ratio": -0.46694484231110234,
  "win_rate": 1.0,
  "win_rate_pct": 100.0,
  "total_trades": 2,
  "winning_trades": 2,
  "losing_trades": 0,
  "total_profit": 1709047732.1743994,
  "total_loss": 0.0,
  "profit_factor": Infinity,
  "avg_win": 854523866.0871997,
  "avg_loss": 0.0,
  "avg_trade_return": 16.112516883888,
  "expectancy": 854523866.0871997,
  "avg_holding_period_bars": 161.0,
  "exposure": 0.998468606431853,
  "exposure_pct": 99.8468606431853,
  "turnover": 7.678567500000079,
  "final_equity": 1709057732.1743994,
  "initial_balance": 10000.0
}