{
  "directional_accuracy": 0.5552147239263804,
  "pnl_cumulative": 26.292560164442776,
  "pnl_sharpe": 3.4702808099082887,
  "pnl_max_dd": 8.986780921462923,
  "pnl_win_rate": 0.5552147239263804,
  "pnl_total_trades": 652,
  "mae": 0.02784050814807415,
  "rmse": 0.03766800905817113,
  "r2": -0.042421936988830566
}